deeps.chow@gmail.com:Lucky@27
sivaramaraju555@gmail.com:siva@2349
mandalinani@gmail.com:naani1972
varmavvg@gmail.com:varma@1099
tejaips1234@gmail.com:yedukondala
kumaryv20@gmail.com:kumar2006
mvraju910@gmail.com:Kalams_01
vinayreddy.veltoor@gmail.com:vinayreddy@359
thampatapalli.santosh@gmail.com:san@9009
kameshchavali69@gmail.com:kamesh123
gopi.a2@gmail.com:sairam@4
sandeepnunna@gmail.com:London123
rehaan2006@gmail.com:REHAAN@2006
sandaluri@gmail.com:Rock@123
johnjva007@gmail.com:ramu9882
mdvarma33@gmail.com:dilip333
v.rohit08@gmail.com:bablu0892
ksuryarao5@gmail.com:Surya@181
adinarayana6674@gmail.com:vakula143
venkata.yinaganti@gmail.com:Vereadch1967
b.sabarinath.boppana786@gmail.com:sabari123
jakkaravikumar@gmail.com:chikki@2013
srinivasu0506@gmail.com:shreya1971
riyazbasha007@gmail.com:skoda1117
sandeep.pittampally@gmail.com:Smile@123
santooosh_2004@yahoo.co.in:samuels3
sudhas397@gmail.com:sudha@1988
karunyaenterpriseshyd@gmail.com:joshit@48
mukesh.ap@gmail.com:apmr1806
pavangoud.kotha@gmail.com:akki0182
ranjit5000.rk@gmail.com:PADDU5000
pardhu.jrr@gmail.com:pardhu08
seemakurty.uttej@gmail.com:Anu@0429
saisampath.rajkumar@gmail.com:Saisampath9
varmasgunturi@gmail.com:poonam123
naresh.badarala999@gmail.com:Naresh369
surye4e@gmail.com:hani@1234
sahas.2007@rediffmail.com:sahas2002
koiladasandeep@gmail.com:sandeep06031992
csuryavamse@gmail.com:suryavamse84
vamsikiran.n@gmail.com:125vf125
ppavankumar.pp@gmail.com:vimala2005
ankaiah881@gmail.com:Ankaiah@22
ramyaaug5@gmail.com:ramya123
sunnyshiva55@gmail.com:whyme@555
gokulmaddipati@gmail.com:W0rk4Ibm
mahabbasha.2000@gmail.com:Basha@124
mohanbabu792005@gmail.com:mohan789
satya12@outlook.com:satya1212
vijaykumar.somireddy@gmail.com:May$1990
karthikagarwal141@gmail.com:karthik009
kalyani.kvrl@gmail.com:kalyani16
pavan_kishu_007@yahoo.co.in:KISHORE3
saipradeeppotturu@gmail.com:deepu@90
chnsrao112@gmail.com:chnsrao@123
aer.ethish@gmail.com:M@dethy7
sigalapelli.nagaraju@gmail.com:madhuri1983
kishorejyothi06@gmail.com:Happy@23
sajithali.shaik@gmail.com:sAjith007
swati.ummadi@gmail.com:Rithvi@07
manikantaprofessional@gmail.com:manikanta411
satish_muvvala@yahoo.com:madhu1984
kotla.sreenivas@gmail.com:sree123sai
p.vivekananda@yahoo.com:chundru6996
suryasbi4u@gmail.com:Prasu@143
k.veeranaresh@gmail.com:Hrithi@123
mouli.penta@gmail.com:Zxcv@1234
vamseemohan22@gmail.com:indrani123
vjaligama@gmail.com:Hitachi@123
pardhusap@gmail.com:pardhu@123
bpk645@gmail.com:pavan645
swaroop430430@gmail.com:swaroop@007
chandrasekhar1613@gmail.com:chandra1613
hikalyan4u@gmail.com:Lekha@143
